1|!
2|!!
3|!!!
4|!!!!
5|!!!Fuck_You!!!
6|!!!Fuck_You!!!_And_Then_Some
7|!!!Fuck_You!!!_And_then_Some
8|!!!Fuck_You!!!_and_Then_Some
9|!!!_(album)
10|!!!_(band)
11|!!Destroy-Oh-Boy!!
12|!!Fuck_you!!
13|!!M
14|!!Que_Corra_La_Voz!!
15|!!_(chess)
16|!!m
17|!'O-!khung_language
18|!=
19|!?
20|!?!
21|!?Revolution!?
22|!?_(chess)
23|!A_Luchar!
24|!Action_Pact!
25|!Adios_Amigos!
26|!Alabadle!
27|!Alarma!
28|!Alarma!_(album)
29|!Alarma!_(disambiguation)
30|!Alarma!_(magazine)
31|!Alarma!_Records
32|!Alarma!_magazine
33|!Alfaro_Vive,_Carajo!
34|!All-Time_Quarterback!
35|!All-Time_Quarterback!_(EP)
36|!All-Time_Quarterback!_(album)
37|!Alla_tu!
38|!Amigos!
39|!Amigos!_(Arrested_Development_episode)
40|!Ask_a_Mexican!
41|!Atame!
42|!Ay,_Carmela!_(film)
43|!Ay,_caramba!
44|!BANG!
45|!Bang!
46|!Basta_Ya!
47|!Bastardos!
48|!Bastardos!_(album)
49|!Bastardos_en_Vivo!
50|!Bienvenido,_Mr._Marshall!
51|!Ciauetistico!
52|!Ciautistico!
53|!Dame!_!Dame!_!Dame!
54|!Decapitacion!
55|!Diga_Queso!
56|!Explora!_Science_Center_and_Children's_Museum
57|!Forward,_Russia!
58|!Forward_Russia!
59|!Ga!ne_language
60|!Ga!nge_language
61|!Gã!ne_language
62|!Gã!nge_language
63|!HERO
64|!Hello_Friends!
65|!Hero
66|!Hero_(album)
67|!Hola!
68|!Hola,_Mexico!
69|!Hu_language
70|!Hukwe_language
71|!K7
72|!K7_Records
73|!Ka-Boom!
74|!Ka-Boom!_Estudio
75|!Khung_language
76|!Kora_language
77|!Ku_language
78|!Kung
79|!Kung_San
80|!Kung_San_people
81|!Kung_language
82|!Kung_mythology
83|!Kung_people
84|!Lander
85|!Mayday!
86|!MuchaLucha!
87|!Mucha_Lucha!
88|!No_Pasaran!
89|!No_pasaran!
90|!O!kung_language
91|!O!ung_language
92|!Oh,_Mi_Diosa!
93|!Oh_Gloria_Inmarcesible!
94|!Oid,_Mortales!
95|!Ole_Torme!:_Mel_Torme_Goes_South_of_the_Border_with_Billy_May
96|!Ora_language
97|!Oye_Esteban!
98|!Policia!_-_A_Tribute_To_The_Police
99|!Policia!_-_A_Tribute_to_the_Police
100|!Por_que_no_te_callas!
